{
    "H": 128,
    "M": 512,
    "N": 512,
    "freq_range": [
        0,
        8000.0
    ],
    "mag_normalised_range": [
        0.1,
        0.9
    ],
    "mag_range": [
        -162.32908996390535,
        -8.01210348017473
    ],
    "phase_normalised_range": [
        0.1,
        0.9
    ],
    "phase_range": [
        0,
        6.283185307179586
    ],
    "sample_rate": 16000,
    "w": "hanning"
}