{"max_sines": 100, "N": 4096, "phase_range": [0, 6.283185307179586], "mag_range": [-89.86880234323405, -8.132911084919328], "sample_rate": 16000, "M": 2047, "H": 512, "w": "blackmanharris", "freq_range": [0, 8000.0]}