{"mag_range": [-89.86880234323405, -8.132911084919328], "freq_range": [0, 8000.0], "H": 512, "N": 4096, "M": 2047, "phase_range": [0, 6.283185307179586], "sample_rate": 16000, "w": "blackmanharris"}