{
    "H": 256,
    "M": 511,
    "N": 512,
    "freq_range": [
        0,
        8000.0
    ],
    "mag_normalised_range": [
        0.1,
        0.9
    ],
    "mag_range": [
        -223.21346785763143,
        -8.007849749680634
    ],
    "phase_normalised_range": [
        0.1,
        0.9
    ],
    "phase_range": [
        0,
        6.283185307179586
    ],
    "sample_rate": 16000,
    "w": "hanning"
}