{"w": "hanning", "sample_rate": 16000, "phase_range": [0, 6.283185307179586], "N": 512, "freq_range": [0, 8000.0], "mag_range": [-0.02790168348220393, -0.0010009812187100793], "H": 256, "M": 511}