{"sample_rate": 44100, "mag_range": [-89.95762239884405, -10.940624996212463], "H": 512, "N": 4096, "phase_range": [0, 6.283185307179586], "M": 2047, "max_sines": 100, "w": "blackmanharris", "freq_range": [0, 22050.0]}