{"H": 512, "sample_rate": 16000, "N": 4096, "freq_range": [0, 8000.0], "phase_range": [0, 6.283185307179586], "mag_range": [-89.86880234323405, -8.132911084919328], "M": 2047, "w": "blackmanharris"}